titulo,autor,score
Sunday Daily Thread: What's everyone working on this week?,AutoModerator,6
"Thursday Daily Thread: Python Careers, Courses, and Furthering Education!",AutoModerator,3
Python tool to quickly create a nicely animated .gif out of an .stl for communicating ideas wout cad,DerrickBagels,9
Giving Back to the Community - The Complete Backend Developer Roadmap,SeaNo5113,23
"Introducing Serif: a zero-dependency, vector-first data library for Python",TheAerius,17
"Embar: an ORM for Python, strongly typed, SQL-esque, inspired by Drizzle",chris-indeed,6
Hi for my carrer. What should i do,elvis_pai,0
Tiny pixel pets on your Windows desktop! üê∂ü¶äüêî,Jumitti,4
I built a unified API for Ins/TikTok/Twitter/Facebook/LinkedIn ‚Äì same interface for all platforms,LiuLucian,0
Python script to make Resume from YAML,Aggravating-Guard592,2
TIL Python‚Äôs random.seed() ignores the sign of integer seeds,nekofneko,257
DTOs or classes with objects and methods,VisuelleData,12
Embedding folium choropleth map,Icy_Cloud_39,0
pq-age: age-compatible encryption with hybrid post-quantum ML-KEM + X25519,pqdude,1
A configuration library which uses YAML + templating,Ignytis_Jackal,0
What is the marker of a project root for uv to create the .venv there?,komprexior,14
I built a Recursive Math Crawler (crawl4ai) with a Weighted BM25 search engine,ConceptZestyclose772,0
I built a local first tool that uses AST Parsing + Shannon Entropy to sanitize code for AI,ThickJxmmy,8
FastAPI Lifespan Events: The Right Way to Handle Startup &amp; Shutdown,fastlaunchapidev,0
Where‚Äôs the line between learning and copying in Python?‚Äù,SandOdd4270,0
"Template repo with uv, ruff, pyright, pytest (with TDD support) + CI and QoL Makefile",Icy_Jellyfish_2475,10
How Pyrefly Works With Pydantic (Video),BeamMeUpBiscotti,7
"Frist: Property base age, calendar windows and business calendar ages/windows using properties.",HolidayEmphasis4345,1
"Tasks Managements, Test Runner, Documentation Hub and Time Tracking VSCode/Cursor Extension",Substantial-War4019,0
I was firstly creating classic RPGs then turned it into py recon scripts,rahzuink,0
